[
  {
    "username": "rayysetting",
    "password": "RayySetting7",
    "name": "rayy",
    "phone": "601173686870",
    "profile_pic": "images/logo1.jpg",
    "joined_at": "2025-12-15T15:50:55.927Z"
  },
  {
    "username": "iyaiya",
    "password": "123456",
    "name": "Wkwkw",
    "phone": "6285123375880",
    "profile_pic": "images/logo1.jpg",
    "joined_at": "2025-12-18T05:39:59.179Z"
  },
  {
    "username": "ben95",
    "password": "ben77",
    "name": "bently",
    "phone": "6285717149980",
    "profile_pic": "images/logo1.jpg",
    "joined_at": "2025-12-19T06:58:10.569Z"
  },
  {
    "username": "mok",
    "password": "123",
    "name": "Riki shop ",
    "phone": "62814003373536",
    "profile_pic": "images/logo.jpg",
    "joined_at": "2025-12-19T11:51:57.879Z"
  },
  {
    "username": "hhh",
    "password": "123",
    "name": "Riki shop ",
    "phone": "6285819066475",
    "profile_pic": "images/logo.jpg",
    "joined_at": "2026-01-11T14:52:05.291Z"
  },
  {
    "username": "piann",
    "password": "Pian12",
    "name": "alpin",
    "phone": "6283120589335",
    "profile_pic": "images/logo.jpg",
    "joined_at": "2026-01-11T15:06:38.263Z"
  },
  {
    "username": "alwaysriky",
    "password": "riky123",
    "name": "OWNER - ALWAYSRIKYSHOP",
    "phone": "6282312934025",
    "profile_pic": "https://api.rikishop.my.id/files/7ysrn0.jpg",
    "joined_at": "2026-01-12T01:34:48.810Z",
    "banner_pic": "https://api.rikishop.my.id/files/4ynypo.jpg",
    "last_name_update": "2026-01-12T01:40:15.613Z"
  },
  {
    "username": "padockerid",
    "password": "abiza4545",
    "name": "AbizaRizalRivai",
    "phone": "6285647716306",
    "profile_pic": "images/logo.jpg",
    "joined_at": "2026-01-12T02:55:55.932Z"
  },
  {
    "username": "rayz_565",
    "password": "rayzz456",
    "name": "RayzZ",
    "phone": "6285789112826",
    "profile_pic": "images/logo.jpg",
    "joined_at": "2026-01-12T10:46:13.333Z"
  },
  {
    "username": "wilzzofficial",
    "password": "1",
    "name": "WilzzOfficial",
    "phone": "6283176421343",
    "profile_pic": "images/logo.jpg",
    "joined_at": "2026-02-15T08:07:08.992Z"
  },
  {
    "username": "amane",
    "password": "9januari2010",
    "name": "Adadeh",
    "phone": "6285748363750",
    "profile_pic": "images/logo.jpg",
    "joined_at": "2026-02-15T08:19:31.773Z",
    "last_name_update": "2026-02-15T11:19:19.561Z"
  },
  {
    "username": "kiyreal",
    "password": "anjay1",
    "name": "kiyreal",
    "phone": "6283133328750",
    "profile_pic": "images/logo.jpg",
    "joined_at": "2026-02-15T09:53:53.561Z"
  },
  {
    "username": "sanjaya",
    "password": "sanjaya01",
    "name": "kiysan",
    "phone": "6283133328751",
    "profile_pic": "images/logo.jpg",
    "joined_at": "2026-02-15T09:58:44.252Z"
  },
  {
    "username": "raito",
    "password": "1HUSNIXKURUMI",
    "name": "Tokisaki Raito",
    "phone": "584269601885",
    "profile_pic": "images/logo.jpg",
    "joined_at": "2026-02-15T12:49:03.011Z"
  },
  {
    "username": "ban",
    "password": "bann",
    "name": "ban",
    "phone": "6285718845514",
    "profile_pic": "images/logo.jpg",
    "joined_at": "2026-02-15T14:05:08.527Z"
  },
  {
    "username": "rzky",
    "password": "12rizki3!",
    "name": "Rzky",
    "phone": "62895602416781",
    "profile_pic": "images/logo.jpg",
    "joined_at": "2026-02-15T14:31:10.508Z"
  },
  {
    "username": "finnturu",
    "password": "finnturu",
    "name": "finnturu",
    "phone": "6285768343760",
    "profile_pic": "images/logo.jpg",
    "joined_at": "2026-02-16T03:29:13.351Z"
  },
  {
    "username": "jongzpedia",
    "password": "imaaa191512",
    "name": "jongzpay jyp",
    "phone": "6285849759417",
    "profile_pic": "images/logo.jpg",
    "joined_at": "2026-02-16T10:40:58.171Z"
  },
  {
    "username": "ndraoffc",
    "password": "ndraoffc777",
    "name": "ndraoffc ",
    "phone": "6287812416774",
    "profile_pic": "images/logo.jpg",
    "joined_at": "2026-02-17T01:51:32.205Z"
  },
  {
    "username": "reqnz",
    "password": "rehan1234",
    "name": "Reqnz",
    "phone": "6285780111993",
    "profile_pic": "images/logo.jpg",
    "joined_at": "2026-02-17T09:23:09.024Z"
  },
  {
    "username": "ryuusikmaxd",
    "password": "wibuakut123",
    "name": "ryuu",
    "phone": "6285647174143",
    "profile_pic": "images/logo.jpg",
    "joined_at": "2026-02-17T09:25:26.255Z"
  },
  {
    "username": "arexans",
    "password": "arya3112",
    "name": "Arexans",
    "phone": "6289518030035",
    "profile_pic": "images/logo.jpg",
    "joined_at": "2026-02-17T12:40:27.884Z"
  }
]